metric,window,n,mean,p10,p25,p50,p75,p90
Rating,all,162005,0.98,0.67,0.82,0.98,1.14,1.3
Average Combat Score,all,204953,201.11,139.0,166.0,198.0,232.0,267.0
Kills:Deaths,all,204989,1.03,0.6,0.77,0.99,1.22,1.5
Kills Per Round,all,204989,0.7,0.46,0.57,0.69,0.82,0.95
Assists Per Round,all,204989,0.26,0.11,0.17,0.24,0.34,0.43
Headshot %,recent,19283,28.87,19.0,23.0,28.0,34.0,40.0
Average Damage Per Round,recent,20435,128.99,92.0,109.0,128.0,148.0,167.0
First Kills Per Round,recent,20442,0.1,0.02,0.05,0.09,0.14,0.2
First Deaths Per Round,recent,20443,0.1,0.03,0.05,0.09,0.14,0.19
"Kill, Assist, Trade, Survive %",recent,19283,71.25,60.0,66.0,71.0,77.0,82.0
Clutch Success % (clean),recent,16240,14.69,0.0,0.0,0.0,25.0,42.86
